GEOID20,state,county,vtd,pop,pop_hisp,pop_white,pop_black,pop_aian,pop_asian,pop_nhpi,pop_other,pop_two,vap,vap_hisp,vap_white,vap_black,vap_aian,vap_asian,vap_nhpi,vap_other,vap_two,pre_16_dem_cli,pre_16_rep_tru,uss_18_dem_war,uss_18_rep_die,gov_18_rep_bak,gov_18_dem_gon,atg_18_dem_hea,atg_18_rep_mcm,avg_16_rep,avg_16_dem,avg_18_rep,avg_18_dem,avg_20_rep,avg_20_dem
23001019105,ME,Androscoggin County,019105,4173,44,3931,8,3,22,4,16,145,3241,29,3087,8,2,16,1,9,89,NA,NA,NA,NA,NA,NA,NA,NA,NA,NA,NA,NA,NA,NA
23001020601,ME,Androscoggin County,020601,5040,126,4214,365,15,57,3,32,228,4100,84,3552,228,12,49,3,23,149,NA,NA,NA,NA,NA,NA,NA,NA,NA,NA,NA,NA,NA,NA
23001020602,ME,Androscoggin County,020602,4665,135,4064,164,13,36,2,17,234,3653,80,3260,106,12,27,2,13,153,NA,NA,NA,NA,NA,NA,NA,NA,NA,NA,NA,NA,NA,NA
23001020603,ME,Androscoggin County,020603,5023,104,4388,227,20,67,0,6,211,4027,75,3640,127,16,48,0,3,118,NA,NA,NA,NA,NA,NA,NA,NA,NA,NA,NA,NA,NA,NA
23001020604,ME,Androscoggin County,020604,4615,100,4075,161,12,40,2,9,216,3736,77,3384,112,12,30,0,4,117,NA,NA,NA,NA,NA,NA,NA,NA,NA,NA,NA,NA,NA,NA
23001020605,ME,Androscoggin County,020605,4718,117,4162,136,18,37,2,12,234,3691,59,3370,81,18,19,2,8,134,NA,NA,NA,NA,NA,NA,NA,NA,NA,NA,NA,NA,NA,NA
23001029255,ME,Androscoggin County,029255,4376,41,4134,18,11,12,1,5,154,3494,32,3313,16,10,9,0,5,109,NA,NA,NA,NA,NA,NA,NA,NA,NA,NA,NA,NA,NA,NA
23001038565,ME,Androscoggin County,038565,2262,41,2081,15,10,3,0,4,108,1793,18,1668,12,9,3,0,4,79,NA,NA,NA,NA,NA,NA,NA,NA,NA,NA,NA,NA,NA,NA
23001040035,ME,Androscoggin County,040035,9711,170,8865,92,38,59,7,37,443,7730,117,7159,70,30,45,5,31,273,NA,NA,NA,NA,NA,NA,NA,NA,NA,NA,NA,NA,NA,NA
23001040665,ME,Androscoggin County,040665,2127,21,2003,15,3,8,2,1,74,1758,19,1657,5,2,6,2,1,66,NA,NA,NA,NA,NA,NA,NA,NA,NA,NA,NA,NA,NA,NA
23001040770,ME,Androscoggin County,040770,3060,50,2801,8,9,13,0,7,172,2334,30,2155,2,8,13,0,6,120,NA,NA,NA,NA,NA,NA,NA,NA,NA,NA,NA,NA,NA,NA
23001044585,ME,Androscoggin County,044585,3107,28,2852,17,10,13,0,7,180,2431,13,2271,13,6,12,0,2,114,NA,NA,NA,NA,NA,NA,NA,NA,NA,NA,NA,NA,NA,NA
23001046160,ME,Androscoggin County,046160,2766,35,2604,10,1,12,0,7,97,2156,20,2047,7,1,12,0,7,62,NA,NA,NA,NA,NA,NA,NA,NA,NA,NA,NA,NA,NA,NA
23001060020,ME,Androscoggin County,060020,5906,77,5515,18,29,22,0,16,229,4725,57,4449,17,25,22,0,12,143,NA,NA,NA,NA,NA,NA,NA,NA,NA,NA,NA,NA,NA,NA
23001064570,ME,Androscoggin County,064570,5044,60,4678,40,15,26,0,6,219,4074,36,3817,23,15,21,0,6,156,NA,NA,NA,NA,NA,NA,NA,NA,NA,NA,NA,NA,NA,NA
23001077800,ME,Androscoggin County,077800,5817,137,5373,32,30,26,0,19,200,4546,70,4269,17,27,18,0,14,131,NA,NA,NA,NA,NA,NA,NA,NA,NA,NA,NA,NA,NA,NA
23001079585,ME,Androscoggin County,079585,1608,18,1514,2,2,11,0,2,59,1223,12,1158,0,2,10,0,2,39,NA,NA,NA,NA,NA,NA,NA,NA,NA,NA,NA,NA,NA,NA
23001387401,ME,Androscoggin County,387401,5138,133,3890,745,21,60,2,25,262,4047,86,3264,437,17,55,2,25,161,NA,NA,NA,NA,NA,NA,NA,NA,NA,NA,NA,NA,NA,NA
23001387402,ME,Androscoggin County,387402,5357,94,4779,156,22,74,0,27,205,4484,59,4082,114,19,54,0,16,140,NA,NA,NA,NA,NA,NA,NA,NA,NA,NA,NA,NA,NA,NA
23001387403,ME,Androscoggin County,387403,6083,175,4218,1154,25,78,18,54,361,4978,134,3723,743,19,71,18,45,225,NA,NA,NA,NA,NA,NA,NA,NA,NA,NA,NA,NA,NA,NA
23001387404,ME,Androscoggin County,387404,4944,83,4164,419,12,68,0,17,181,3921,62,3495,190,1,52,0,14,107,NA,NA,NA,NA,NA,NA,NA,NA,NA,NA,NA,NA,NA,NA
23001387405,ME,Androscoggin County,387405,5453,176,2772,2213,17,41,5,15,214,3571,93,2222,1074,14,29,4,14,121,NA,NA,NA,NA,NA,NA,NA,NA,NA,NA,NA,NA,NA,NA
23001387406,ME,Androscoggin County,387406,5213,117,4727,80,14,54,2,16,203,4238,74,3926,52,11,38,0,12,125,NA,NA,NA,NA,NA,NA,NA,NA,NA,NA,NA,NA,NA,NA
23001387407,ME,Androscoggin County,387407,4933,140,4071,341,32,56,0,19,274,3920,77,3399,184,31,42,0,17,170,NA,NA,NA,NA,NA,NA,NA,NA,NA,NA,NA,NA,NA,NA
23003000000,ME,Aroostook County,NA,67105,912,62163,423,1206,392,18,131,1860,54341,550,51103,331,790,290,11,94,1172,NA,NA,NA,NA,NA,NA,NA,NA,NA,NA,NA,NA,NA,NA
23005002655,ME,Cumberland County,002655,1520,15,1412,3,1,6,1,3,79,1237,6,1157,0,1,6,1,3,63,NA,NA,NA,NA,NA,NA,NA,NA,NA,NA,NA,NA,NA,NA
23005007170,ME,Cumberland County,007170,5418,116,4971,34,10,31,1,25,230,4472,66,4188,22,8,20,1,15,152,NA,NA,NA,NA,NA,NA,NA,NA,NA,NA,NA,NA,NA,NA
23005010180,ME,Cumberland County,010180,9535,247,8701,55,0,191,3,28,310,7439,148,6921,40,0,145,3,21,161,NA,NA,NA,NA,NA,NA,NA,NA,NA,NA,NA,NA,NA,NA
23005011125,ME,Cumberland County,011125,3646,61,3333,25,7,14,1,20,185,3003,38,2789,17,3,8,1,20,127,NA,NA,NA,NA,NA,NA,NA,NA,NA,NA,NA,NA,NA,NA
23005012300,ME,Cumberland County,012300,396,4,378,1,3,2,0,1,7,328,2,316,1,2,2,0,1,4,NA,NA,NA,NA,NA,NA,NA,NA,NA,NA,NA,NA,NA,NA
23005015430,ME,Cumberland County,015430,8473,150,7907,49,2,95,3,14,253,6440,100,6083,40,0,72,2,14,129,NA,NA,NA,NA,NA,NA,NA,NA,NA,NA,NA,NA,NA,NA
23005024495,ME,Cumberland County,024495,12444,277,11199,92,24,375,2,47,428,9752,168,8933,62,12,275,2,41,259,NA,NA,NA,NA,NA,NA,NA,NA,NA,NA,NA,NA,NA,NA
23005026525,ME,Cumberland County,026525,8737,167,7891,56,24,196,2,39,362,6976,110,6443,36,20,143,2,24,198,NA,NA,NA,NA,NA,NA,NA,NA,NA,NA,NA,NA,NA,NA
23005027025,ME,Cumberland County,027025,32,0,30,0,0,0,0,0,2,29,0,28,0,0,0,0,0,1,NA,NA,NA,NA,NA,NA,NA,NA,NA,NA,NA,NA,NA,NA
23005028240,ME,Cumberland County,028240,18336,339,16589,293,52,298,8,58,699,14395,229,13162,220,47,229,8,41,459,NA,NA,NA,NA,NA,NA,NA,NA,NA,NA,NA,NA,NA,NA
23005028870,ME,Cumberland County,028870,8269,128,7647,33,3,75,1,34,348,6714,87,6270,25,3,62,1,34,232,NA,NA,NA,NA,NA,NA,NA,NA,NA,NA,NA,NA,NA,NA
23005031390,ME,Cumberland County,031390,5031,86,4724,12,11,37,0,15,146,4395,68,4158,12,7,25,0,10,115,NA,NA,NA,NA,NA,NA,NA,NA,NA,NA,NA,NA,NA,NA
23005031600,ME,Cumberland County,031600,2447,27,2256,14,10,12,1,8,119,2059,11,1937,11,6,10,1,4,79,NA,NA,NA,NA,NA,NA,NA,NA,NA,NA,NA,NA,NA,NA
23005041067,ME,Cumberland County,041067,234,1,227,1,1,0,0,0,4,199,0,197,0,1,0,0,0,1,NA,NA,NA,NA,NA,NA,NA,NA,NA,NA,NA,NA,NA,NA
23005048085,ME,Cumberland County,048085,3925,61,3627,13,4,20,0,10,190,3153,42,2953,8,2,20,0,4,124,NA,NA,NA,NA,NA,NA,NA,NA,NA,NA,NA,NA,NA,NA
23005048820,ME,Cumberland County,048820,5676,101,5282,26,18,26,0,18,205,4500,52,4240,18,14,23,0,18,135,NA,NA,NA,NA,NA,NA,NA,NA,NA,NA,NA,NA,NA,NA
23005053860,ME,Cumberland County,053860,4072,81,3782,22,7,25,2,9,144,3097,40,2936,15,1,19,2,5,79,NA,NA,NA,NA,NA,NA,NA,NA,NA,NA,NA,NA,NA,NA
23005060685,ME,Cumberland County,060685,1566,14,1471,8,2,4,0,7,60,1262,5,1205,5,2,4,0,7,34,NA,NA,NA,NA,NA,NA,NA,NA,NA,NA,NA,NA,NA,NA
23005061945,ME,Cumberland County,061945,4536,79,4199,17,5,26,0,13,197,3687,54,3459,9,4,18,0,12,131,NA,NA,NA,NA,NA,NA,NA,NA,NA,NA,NA,NA,NA,NA
23005066145,ME,Cumberland County,066145,22135,431,19548,348,47,956,5,62,738,17875,291,16133,223,41,691,5,43,448,NA,NA,NA,NA,NA,NA,NA,NA,NA,NA,NA,NA,NA,NA
23005066775,ME,Cumberland County,066775,1911,29,1773,6,3,9,0,8,83,1589,22,1500,4,3,7,0,8,45,NA,NA,NA,NA,NA,NA,NA,NA,NA,NA,NA,NA,NA,NA
23005073670,ME,Cumberland County,073670,10244,166,9535,48,15,64,5,20,391,8461,121,7951,41,15,61,2,18,252,NA,NA,NA,NA,NA,NA,NA,NA,NA,NA,NA,NA,NA,NA
23005084301,ME,Cumberland County,084301,2803,43,2517,46,19,35,0,14,129,2286,21,2097,37,13,21,0,9,88,NA,NA,NA,NA,NA,NA,NA,NA,NA,NA,NA,NA,NA,NA
23005084302,ME,Cumberland County,084302,2861,90,2550,36,5,36,0,8,136,2336,71,2111,33,5,29,0,6,81,NA,NA,NA,NA,NA,NA,NA,NA,NA,NA,NA,NA,NA,NA
23005084303,ME,Cumberland County,084303,2886,81,2661,14,8,19,0,13,90,2446,61,2288,13,6,18,0,4,56,NA,NA,NA,NA,NA,NA,NA,NA,NA,NA,NA,NA,NA,NA
23005084304,ME,Cumberland County,084304,3066,103,2717,17,8,55,2,21,143,2446,63,2211,11,6,42,1,11,101,NA,NA,NA,NA,NA,NA,NA,NA,NA,NA,NA,NA,NA,NA
23005084305,ME,Cumberland County,084305,3426,133,2941,69,7,74,2,18,182,2798,90,2492,39,5,60,2,7,103,NA,NA,NA,NA,NA,NA,NA,NA,NA,NA,NA,NA,NA,NA
23005084306,ME,Cumberland County,084306,2903,126,2341,95,10,128,0,16,187,2577,104,2095,88,8,113,0,12,157,NA,NA,NA,NA,NA,NA,NA,NA,NA,NA,NA,NA,NA,NA
23005084307,ME,Cumberland County,084307,3811,207,3139,89,2,148,3,15,208,3273,160,2718,78,2,142,3,12,158,NA,NA,NA,NA,NA,NA,NA,NA,NA,NA,NA,NA,NA,NA
23005086025,ME,Cumberland County,086025,18434,362,16703,327,67,219,6,47,703,14738,261,13500,258,63,163,6,38,449,NA,NA,NA,NA,NA,NA,NA,NA,NA,NA,NA,NA,NA,NA
23005087845,ME,Cumberland County,087845,8990,190,8147,95,17,167,3,40,331,6839,105,6369,55,12,123,3,19,153,NA,NA,NA,NA,NA,NA,NA,NA,NA,NA,NA,NA,NA,NA
23005605411,ME,Cumberland County,605411,5435,175,4378,529,13,77,0,34,229,4760,134,4064,295,12,70,0,32,153,NA,NA,NA,NA,NA,NA,NA,NA,NA,NA,NA,NA,NA,NA
23005605412,ME,Cumberland County,605412,7146,408,4589,1551,19,248,6,38,287,6143,296,4291,1045,18,212,6,36,239,NA,NA,NA,NA,NA,NA,NA,NA,NA,NA,NA,NA,NA,NA
23005605413,ME,Cumberland County,605413,916,40,839,5,6,3,0,4,19,799,29,740,4,6,3,0,4,13,NA,NA,NA,NA,NA,NA,NA,NA,NA,NA,NA,NA,NA,NA
23005605421,ME,Cumberland County,605421,7100,252,5665,713,15,151,3,31,270,6289,205,5241,460,10,143,0,22,208,NA,NA,NA,NA,NA,NA,NA,NA,NA,NA,NA,NA,NA,NA
23005605422,ME,Cumberland County,605422,6487,459,4874,696,26,108,2,42,280,5752,324,4551,508,20,98,0,33,218,NA,NA,NA,NA,NA,NA,NA,NA,NA,NA,NA,NA,NA,NA
23005605431,ME,Cumberland County,605431,7916,348,6298,509,19,346,1,31,364,6626,262,5462,353,12,284,1,25,227,NA,NA,NA,NA,NA,NA,NA,NA,NA,NA,NA,NA,NA,NA
23005605432,ME,Cumberland County,605432,5813,197,4948,163,4,237,1,18,245,4820,126,4205,109,3,205,1,18,153,NA,NA,NA,NA,NA,NA,NA,NA,NA,NA,NA,NA,NA,NA
23005605441,ME,Cumberland County,605441,8332,254,6695,731,16,277,2,36,321,6973,177,5914,436,12,223,1,12,198,NA,NA,NA,NA,NA,NA,NA,NA,NA,NA,NA,NA,NA,NA
23005605442,ME,Cumberland County,605442,5484,160,4597,345,7,165,1,18,191,4784,123,4158,238,7,130,1,14,113,NA,NA,NA,NA,NA,NA,NA,NA,NA,NA,NA,NA,NA,NA
23005605451,ME,Cumberland County,605451,5277,134,3845,780,12,265,8,26,207,4172,102,3210,472,9,211,6,22,140,NA,NA,NA,NA,NA,NA,NA,NA,NA,NA,NA,NA,NA,NA
23005605452,ME,Cumberland County,605452,8502,212,6638,898,13,309,3,52,377,6761,149,5552,562,10,253,3,26,206,NA,NA,NA,NA,NA,NA,NA,NA,NA,NA,NA,NA,NA,NA
23005719901,ME,Cumberland County,719901,5207,119,4696,114,9,45,2,51,171,4434,87,4061,89,5,38,1,36,117,NA,NA,NA,NA,NA,NA,NA,NA,NA,NA,NA,NA,NA,NA
23005719902,ME,Cumberland County,719902,5338,128,4795,80,8,115,3,15,194,4581,85,4197,63,8,96,2,13,117,NA,NA,NA,NA,NA,NA,NA,NA,NA,NA,NA,NA,NA,NA
23005719903,ME,Cumberland County,719903,5262,192,4519,133,10,150,3,26,229,4291,137,3788,81,10,122,2,24,127,NA,NA,NA,NA,NA,NA,NA,NA,NA,NA,NA,NA,NA,NA
23005719904,ME,Cumberland County,719904,5073,154,4315,149,16,233,3,24,179,4087,93,3562,87,16,178,3,19,129,NA,NA,NA,NA,NA,NA,NA,NA,NA,NA,NA,NA,NA,NA
23005719905,ME,Cumberland County,719905,5618,315,3654,1052,21,360,3,14,199,4453,213,3131,670,20,276,3,13,127,NA,NA,NA,NA,NA,NA,NA,NA,NA,NA,NA,NA,NA,NA
23005821051,ME,Cumberland County,821051,3731,87,3140,194,11,133,2,15,149,3175,69,2737,124,11,114,1,14,105,NA,NA,NA,NA,NA,NA,NA,NA,NA,NA,NA,NA,NA,NA
23005821052,ME,Cumberland County,821052,4689,134,3942,233,14,173,1,21,171,3737,88,3255,137,10,141,0,11,95,NA,NA,NA,NA,NA,NA,NA,NA,NA,NA,NA,NA,NA,NA
23005821053,ME,Cumberland County,821053,4263,126,3410,307,17,188,0,15,200,3479,86,2904,199,14,143,0,5,128,NA,NA,NA,NA,NA,NA,NA,NA,NA,NA,NA,NA,NA,NA
23005821054,ME,Cumberland County,821054,4129,146,2982,671,13,113,1,11,192,3177,97,2476,377,11,90,1,4,121,NA,NA,NA,NA,NA,NA,NA,NA,NA,NA,NA,NA,NA,NA
23005821055,ME,Cumberland County,821055,3588,56,3120,128,6,128,0,16,134,3004,36,2677,97,6,88,0,12,88,NA,NA,NA,NA,NA,NA,NA,NA,NA,NA,NA,NA,NA,NA
23007000000,ME,Franklin County,NA,29456,407,27211,166,73,383,23,109,1084,24045,262,22414,126,73,267,12,89,802,NA,NA,NA,NA,NA,NA,NA,NA,NA,NA,NA,NA,NA,NA
23009000000,ME,Hancock County,NA,55478,969,51098,351,231,560,10,219,2040,46160,662,42985,271,176,463,7,186,1410,NA,NA,NA,NA,NA,NA,NA,NA,NA,NA,NA,NA,NA,NA
23011000590,ME,Kennebec County,000590,2006,27,1868,9,6,13,0,0,83,1618,12,1528,6,4,9,0,0,59,NA,NA,NA,NA,NA,NA,NA,NA,NA,NA,NA,NA,NA,NA
23011004020,ME,Kennebec County,004020,3250,38,3061,5,11,17,0,6,112,2699,26,2556,5,11,12,0,6,83,NA,NA,NA,NA,NA,NA,NA,NA,NA,NA,NA,NA,NA,NA
23011004475,ME,Kennebec County,004475,2715,34,2558,7,6,4,0,5,101,2166,20,2057,7,6,1,0,4,71,NA,NA,NA,NA,NA,NA,NA,NA,NA,NA,NA,NA,NA,NA
23011012350,ME,Kennebec County,012350,2778,30,2551,12,25,17,0,4,139,2240,21,2068,11,22,14,0,4,100,NA,NA,NA,NA,NA,NA,NA,NA,NA,NA,NA,NA,NA,NA
23011012735,ME,Kennebec County,012735,4408,80,4084,19,21,25,2,2,175,3499,39,3296,8,17,12,2,1,124,NA,NA,NA,NA,NA,NA,NA,NA,NA,NA,NA,NA,NA,NA
23011013470,ME,Kennebec County,013470,3370,57,3148,6,7,9,1,13,129,2655,41,2483,5,4,7,1,11,103,NA,NA,NA,NA,NA,NA,NA,NA,NA,NA,NA,NA,NA,NA
23011021001,ME,Kennebec County,021001,4525,143,3907,76,18,146,2,22,211,3859,106,3382,73,17,120,2,19,140,NA,NA,NA,NA,NA,NA,NA,NA,NA,NA,NA,NA,NA,NA
23011021002,ME,Kennebec County,021002,4910,139,4363,57,19,116,2,17,197,3982,94,3597,40,19,82,2,15,133,NA,NA,NA,NA,NA,NA,NA,NA,NA,NA,NA,NA,NA,NA
23011021003,ME,Kennebec County,021003,4501,130,3954,52,22,77,0,12,254,3703,96,3317,45,22,52,0,8,163,NA,NA,NA,NA,NA,NA,NA,NA,NA,NA,NA,NA,NA,NA
23011021004,ME,Kennebec County,021004,4963,98,4484,27,36,77,8,10,223,4072,56,3734,23,29,65,8,4,153,NA,NA,NA,NA,NA,NA,NA,NA,NA,NA,NA,NA,NA,NA
23011024670,ME,Kennebec County,024670,2995,55,2762,25,9,29,1,3,111,2359,38,2196,18,8,19,1,3,76,NA,NA,NA,NA,NA,NA,NA,NA,NA,NA,NA,NA,NA,NA
23011024950,ME,Kennebec County,024950,1160,9,1098,5,4,4,0,0,40,957,6,915,5,4,4,0,0,23,NA,NA,NA,NA,NA,NA,NA,NA,NA,NA,NA,NA,NA,NA
23011027085,ME,Kennebec County,027085,5961,118,5373,44,14,29,1,30,352,4713,59,4321,28,4,29,1,26,245,NA,NA,NA,NA,NA,NA,NA,NA,NA,NA,NA,NA,NA,NA
23011030550,ME,Kennebec County,030550,2570,45,2363,7,8,33,0,16,98,2212,31,2040,5,7,30,0,13,86,NA,NA,NA,NA,NA,NA,NA,NA,NA,NA,NA,NA,NA,NA
23011040175,ME,Kennebec County,040175,3586,52,3332,9,7,10,0,9,167,2896,30,2727,9,7,7,0,4,112,NA,NA,NA,NA,NA,NA,NA,NA,NA,NA,NA,NA,NA,NA
23011043080,ME,Kennebec County,043080,2456,28,2286,7,9,27,0,9,90,1999,21,1877,7,9,24,0,3,58,NA,NA,NA,NA,NA,NA,NA,NA,NA,NA,NA,NA,NA,NA
23011046405,ME,Kennebec County,046405,4066,82,3779,12,8,12,1,12,160,3291,60,3072,12,7,12,1,11,116,NA,NA,NA,NA,NA,NA,NA,NA,NA,NA,NA,NA,NA,NA
23011047770,ME,Kennebec County,047770,1721,24,1615,2,2,8,1,14,55,1388,21,1317,1,2,4,1,4,38,NA,NA,NA,NA,NA,NA,NA,NA,NA,NA,NA,NA,NA,NA
23011054560,ME,Kennebec County,054560,6230,99,5743,30,21,32,0,14,291,4984,55,4656,25,21,28,0,10,189,NA,NA,NA,NA,NA,NA,NA,NA,NA,NA,NA,NA,NA,NA
23011059110,ME,Kennebec County,059110,2875,39,2684,11,13,8,0,4,116,2328,23,2186,10,12,7,0,3,87,NA,NA,NA,NA,NA,NA,NA,NA,NA,NA,NA,NA,NA,NA
23011061700,ME,Kennebec County,061700,1743,41,1584,9,5,6,0,6,92,1450,21,1344,4,5,6,0,6,64,NA,NA,NA,NA,NA,NA,NA,NA,NA,NA,NA,NA,NA,NA
23011062190,ME,Kennebec County,062190,2597,58,2416,13,4,10,0,3,93,2082,50,1937,7,4,7,0,3,74,NA,NA,NA,NA,NA,NA,NA,NA,NA,NA,NA,NA,NA,NA
23011063835,ME,Kennebec County,063835,1148,16,1081,1,2,1,0,10,37,953,13,907,0,2,0,0,6,25,NA,NA,NA,NA,NA,NA,NA,NA,NA,NA,NA,NA,NA,NA
23011068385,ME,Kennebec County,068385,4645,80,4334,10,9,34,0,18,160,3700,47,3514,4,0,31,0,8,96,NA,NA,NA,NA,NA,NA,NA,NA,NA,NA,NA,NA,NA,NA
23011078190,ME,Kennebec County,078190,36,0,30,0,1,0,0,0,5,30,0,29,0,0,0,0,0,1,NA,NA,NA,NA,NA,NA,NA,NA,NA,NA,NA,NA,NA,NA
23011078745,ME,Kennebec County,078745,4520,44,4195,18,13,14,2,27,207,3602,26,3388,7,13,14,2,17,135,NA,NA,NA,NA,NA,NA,NA,NA,NA,NA,NA,NA,NA,NA
23011079025,ME,Kennebec County,079025,578,14,541,0,0,2,0,1,20,474,8,453,0,0,0,0,1,12,NA,NA,NA,NA,NA,NA,NA,NA,NA,NA,NA,NA,NA,NA
23011080880,ME,Kennebec County,080880,1129,11,1061,5,3,2,1,7,39,954,4,905,4,3,2,1,7,28,NA,NA,NA,NA,NA,NA,NA,NA,NA,NA,NA,NA,NA,NA
23011082945,ME,Kennebec County,082945,3671,42,3419,12,18,10,0,21,149,2921,29,2730,5,18,6,0,13,120,NA,NA,NA,NA,NA,NA,NA,NA,NA,NA,NA,NA,NA,NA
23011086165,ME,Kennebec County,086165,2632,47,2454,10,7,6,1,4,103,2061,22,1945,3,7,4,1,4,75,NA,NA,NA,NA,NA,NA,NA,NA,NA,NA,NA,NA,NA,NA
23011086515,ME,Kennebec County,086515,7948,167,7306,42,29,65,0,16,323,6463,104,6020,34,19,49,0,14,223,NA,NA,NA,NA,NA,NA,NA,NA,NA,NA,NA,NA,NA,NA
23011086970,ME,Kennebec County,086970,6121,102,5644,51,18,47,0,10,249,4948,68,4614,35,18,43,0,6,164,NA,NA,NA,NA,NA,NA,NA,NA,NA,NA,NA,NA,NA,NA
23011807401,ME,Kennebec County,807401,2335,70,2045,24,20,17,1,7,151,1854,38,1674,13,18,9,1,6,95,NA,NA,NA,NA,NA,NA,NA,NA,NA,NA,NA,NA,NA,NA
23011807402,ME,Kennebec County,807402,2131,109,1806,30,19,27,1,9,130,1641,45,1455,25,12,23,1,5,75,NA,NA,NA,NA,NA,NA,NA,NA,NA,NA,NA,NA,NA,NA
23011807403,ME,Kennebec County,807403,1446,107,1024,56,4,141,0,14,100,1321,91,947,54,2,138,0,12,77,NA,NA,NA,NA,NA,NA,NA,NA,NA,NA,NA,NA,NA,NA
23011807404,ME,Kennebec County,807404,2276,54,2056,24,6,34,1,4,97,1880,38,1744,18,3,26,1,1,49,NA,NA,NA,NA,NA,NA,NA,NA,NA,NA,NA,NA,NA,NA
23011807405,ME,Kennebec County,807405,2491,55,2289,13,5,22,0,7,100,2136,35,1989,11,3,20,0,6,72,NA,NA,NA,NA,NA,NA,NA,NA,NA,NA,NA,NA,NA,NA
23011807406,ME,Kennebec County,807406,2696,104,2321,58,17,42,2,6,146,2245,63,1981,49,13,35,2,6,96,NA,NA,NA,NA,NA,NA,NA,NA,NA,NA,NA,NA,NA,NA
23011807407,ME,Kennebec County,807407,2453,104,2063,52,14,42,1,13,164,2066,83,1741,43,13,42,1,12,131,NA,NA,NA,NA,NA,NA,NA,NA,NA,NA,NA,NA,NA,NA
23013000000,ME,Knox County,NA,40607,672,37533,256,139,250,18,144,1595,33700,474,31431,228,116,204,18,108,1121,NA,NA,NA,NA,NA,NA,NA,NA,NA,NA,NA,NA,NA,NA
23015000000,ME,Lincoln County,NA,35237,395,33071,156,105,227,9,97,1177,29468,283,27838,129,96,180,9,87,846,NA,NA,NA,NA,NA,NA,NA,NA,NA,NA,NA,NA,NA,NA
23017000000,ME,Oxford County,NA,57777,865,53456,209,187,275,16,157,2612,46644,516,43681,134,157,224,12,116,1804,NA,NA,NA,NA,NA,NA,NA,NA,NA,NA,NA,NA,NA,NA
23019000000,ME,Penobscot County,NA,152199,2715,138306,1443,1349,1853,37,420,6076,124474,1806,114552,1093,1096,1517,30,315,4065,NA,NA,NA,NA,NA,NA,NA,NA,NA,NA,NA,NA,NA,NA
23021000000,ME,Piscataquis County,NA,16800,261,15474,57,102,120,7,66,713,13901,170,12999,43,76,79,7,46,481,NA,NA,NA,NA,NA,NA,NA,NA,NA,NA,NA,NA,NA,NA
23023001570,ME,Sagadahoc County,001570,477,7,432,2,0,0,0,3,33,407,5,380,2,0,0,0,0,20,NA,NA,NA,NA,NA,NA,NA,NA,NA,NA,NA,NA,NA,NA
23023006260,ME,Sagadahoc County,006260,3136,55,2948,9,11,7,2,5,99,2446,36,2324,5,8,7,2,5,59,NA,NA,NA,NA,NA,NA,NA,NA,NA,NA,NA,NA,NA,NA
23023006365,ME,Sagadahoc County,006365,3047,61,2788,7,9,17,0,13,152,2445,43,2266,3,6,17,0,13,97,NA,NA,NA,NA,NA,NA,NA,NA,NA,NA,NA,NA,NA,NA
23023027295,ME,Sagadahoc County,027295,1058,15,1000,3,3,9,0,5,23,912,14,870,0,2,5,0,3,18,NA,NA,NA,NA,NA,NA,NA,NA,NA,NA,NA,NA,NA,NA
23023033551,ME,Sagadahoc County,033551,1166,24,1074,14,4,8,0,2,40,971,16,903,14,2,7,0,2,27,NA,NA,NA,NA,NA,NA,NA,NA,NA,NA,NA,NA,NA,NA
23023033552,ME,Sagadahoc County,033552,1251,31,1111,29,4,5,0,3,68,988,20,884,25,3,5,0,3,48,NA,NA,NA,NA,NA,NA,NA,NA,NA,NA,NA,NA,NA,NA
23023033553,ME,Sagadahoc County,033553,1416,31,1195,66,9,14,0,11,90,1154,22,987,48,9,13,0,10,65,NA,NA,NA,NA,NA,NA,NA,NA,NA,NA,NA,NA,NA,NA
23023033554,ME,Sagadahoc County,033554,1021,27,915,8,0,8,0,2,61,819,20,749,5,0,6,0,0,39,NA,NA,NA,NA,NA,NA,NA,NA,NA,NA,NA,NA,NA,NA
23023033555,ME,Sagadahoc County,033555,1379,30,1226,11,8,14,0,5,85,1105,27,992,8,8,13,0,5,52,NA,NA,NA,NA,NA,NA,NA,NA,NA,NA,NA,NA,NA,NA
23023033556,ME,Sagadahoc County,033556,1222,27,1115,11,0,5,0,5,59,988,21,914,10,0,5,0,5,33,NA,NA,NA,NA,NA,NA,NA,NA,NA,NA,NA,NA,NA,NA
23023033557,ME,Sagadahoc County,033557,1311,25,1220,13,1,6,0,1,45,1134,24,1062,11,0,5,0,1,31,NA,NA,NA,NA,NA,NA,NA,NA,NA,NA,NA,NA,NA,NA
23023058070,ME,Sagadahoc County,058070,0,0,0,0,0,0,0,0,0,0,0,0,0,0,0,0,0,0,NA,NA,NA,NA,NA,NA,NA,NA,NA,NA,NA,NA,NA,NA
23023058515,ME,Sagadahoc County,058515,2155,18,2038,9,2,1,0,7,80,1832,11,1741,9,1,1,0,6,63,NA,NA,NA,NA,NA,NA,NA,NA,NA,NA,NA,NA,NA,NA
23023062645,ME,Sagadahoc County,062645,3522,50,3276,9,16,12,0,7,152,2850,33,2676,3,15,12,0,7,104,NA,NA,NA,NA,NA,NA,NA,NA,NA,NA,NA,NA,NA,NA
23023076960,ME,Sagadahoc County,076960,9560,169,8852,76,15,119,0,21,308,7789,117,7277,61,6,91,0,18,219,NA,NA,NA,NA,NA,NA,NA,NA,NA,NA,NA,NA,NA,NA
23023081930,ME,Sagadahoc County,081930,1910,24,1785,16,3,8,1,15,58,1606,15,1512,14,3,8,0,9,45,NA,NA,NA,NA,NA,NA,NA,NA,NA,NA,NA,NA,NA,NA
23023087460,ME,Sagadahoc County,087460,3068,55,2855,12,7,14,0,11,114,2492,38,2343,8,4,13,0,7,79,NA,NA,NA,NA,NA,NA,NA,NA,NA,NA,NA,NA,NA,NA
23025000000,ME,Somerset County,NA,50477,656,46914,248,213,261,14,140,2031,40887,415,38294,177,175,226,14,110,1476,NA,NA,NA,NA,NA,NA,NA,NA,NA,NA,NA,NA,NA,NA
23027004125,ME,Waldo County,004125,976,12,903,2,0,10,0,10,39,788,0,753,2,0,4,0,7,22,NA,NA,NA,NA,NA,NA,NA,NA,NA,NA,NA,NA,NA,NA
23027007870,ME,Waldo County,007870,1010,17,915,0,4,5,0,4,65,809,11,742,0,4,3,0,4,45,NA,NA,NA,NA,NA,NA,NA,NA,NA,NA,NA,NA,NA,NA
23027009270,ME,Waldo County,009270,1096,19,1017,3,5,2,0,4,46,889,11,839,0,4,0,0,4,31,NA,NA,NA,NA,NA,NA,NA,NA,NA,NA,NA,NA,NA,NA
23027026280,ME,Waldo County,026280,1231,17,1161,1,6,2,2,1,41,980,12,933,1,3,2,2,0,27,NA,NA,NA,NA,NA,NA,NA,NA,NA,NA,NA,NA,NA,NA
23027026420,ME,Waldo County,026420,711,13,660,2,1,0,1,5,29,585,11,547,2,1,0,1,2,21,NA,NA,NA,NA,NA,NA,NA,NA,NA,NA,NA,NA,NA,NA
23027035240,ME,Waldo County,035240,583,10,546,0,1,6,0,3,17,490,3,471,0,0,4,0,0,12,NA,NA,NA,NA,NA,NA,NA,NA,NA,NA,NA,NA,NA,NA
23027035450,ME,Waldo County,035450,610,4,584,0,0,2,0,0,20,484,2,467,0,0,2,0,0,13,NA,NA,NA,NA,NA,NA,NA,NA,NA,NA,NA,NA,NA,NA
23027037585,ME,Waldo County,037585,811,23,761,0,0,1,0,8,18,659,18,619,0,0,0,0,7,15,NA,NA,NA,NA,NA,NA,NA,NA,NA,NA,NA,NA,NA,NA
23027039055,ME,Waldo County,039055,934,14,868,0,3,1,0,0,48,750,12,695,0,3,1,0,0,39,NA,NA,NA,NA,NA,NA,NA,NA,NA,NA,NA,NA,NA,NA
23027039501,ME,Waldo County,039501,1252,13,1177,3,6,5,0,5,43,1066,5,1019,1,3,5,0,0,33,NA,NA,NA,NA,NA,NA,NA,NA,NA,NA,NA,NA,NA,NA
23027039502,ME,Waldo County,039502,1134,10,1067,5,1,7,0,2,42,957,2,923,3,0,5,0,2,22,NA,NA,NA,NA,NA,NA,NA,NA,NA,NA,NA,NA,NA,NA
23027039503,ME,Waldo County,039503,1489,31,1335,14,4,18,0,9,78,1239,23,1126,13,3,16,0,7,51,NA,NA,NA,NA,NA,NA,NA,NA,NA,NA,NA,NA,NA,NA
23027039504,ME,Waldo County,039504,1470,23,1348,7,4,11,0,5,72,1212,17,1129,5,4,10,0,2,45,NA,NA,NA,NA,NA,NA,NA,NA,NA,NA,NA,NA,NA,NA
23027039505,ME,Waldo County,039505,1593,14,1517,2,3,15,0,5,37,1297,12,1228,2,3,15,0,5,32,NA,NA,NA,NA,NA,NA,NA,NA,NA,NA,NA,NA,NA,NA
23027039755,ME,Waldo County,039755,2312,34,2168,5,7,17,0,16,65,1871,22,1769,4,1,15,0,12,48,NA,NA,NA,NA,NA,NA,NA,NA,NA,NA,NA,NA,NA,NA
23027046475,ME,Waldo County,046475,931,9,876,1,5,3,0,2,35,761,8,726,1,1,3,0,2,20,NA,NA,NA,NA,NA,NA,NA,NA,NA,NA,NA,NA,NA,NA
23027046790,ME,Waldo County,046790,1020,19,940,4,4,3,0,0,50,825,9,776,4,4,1,0,0,31,NA,NA,NA,NA,NA,NA,NA,NA,NA,NA,NA,NA,NA,NA
23027047245,ME,Waldo County,047245,971,17,904,0,2,7,0,4,37,752,11,704,0,2,6,0,4,25,NA,NA,NA,NA,NA,NA,NA,NA,NA,NA,NA,NA,NA,NA
23027052845,ME,Waldo County,052845,1550,22,1457,8,2,5,2,3,51,1280,13,1229,2,0,5,2,2,27,NA,NA,NA,NA,NA,NA,NA,NA,NA,NA,NA,NA,NA,NA
23027056450,ME,Waldo County,056450,1570,21,1473,2,11,4,1,4,54,1248,15,1185,2,10,0,1,4,31,NA,NA,NA,NA,NA,NA,NA,NA,NA,NA,NA,NA,NA,NA
23027061210,ME,Waldo County,061210,698,7,666,0,4,1,0,3,17,573,5,546,0,3,1,0,3,15,NA,NA,NA,NA,NA,NA,NA,NA,NA,NA,NA,NA,NA,NA
23027066565,ME,Waldo County,066565,1400,22,1303,7,1,11,0,1,55,1120,17,1047,6,1,9,0,1,39,NA,NA,NA,NA,NA,NA,NA,NA,NA,NA,NA,NA,NA,NA
23027066635,ME,Waldo County,066635,2649,43,2444,5,20,11,0,6,120,2190,28,2043,5,18,10,0,5,81,NA,NA,NA,NA,NA,NA,NA,NA,NA,NA,NA,NA,NA,NA
23027074475,ME,Waldo County,074475,1533,11,1434,7,9,10,0,6,56,1335,9,1255,7,5,10,0,6,43,NA,NA,NA,NA,NA,NA,NA,NA,NA,NA,NA,NA,NA,NA
23027075525,ME,Waldo County,075525,1377,17,1296,2,2,7,0,2,51,1129,15,1060,1,2,7,0,2,42,NA,NA,NA,NA,NA,NA,NA,NA,NA,NA,NA,NA,NA,NA
23027076610,ME,Waldo County,076610,774,8,740,1,0,0,0,0,25,609,7,582,0,0,0,0,0,20,NA,NA,NA,NA,NA,NA,NA,NA,NA,NA,NA,NA,NA,NA
23027077625,ME,Waldo County,077625,1018,10,952,7,1,2,0,4,42,825,8,774,4,1,2,0,4,32,NA,NA,NA,NA,NA,NA,NA,NA,NA,NA,NA,NA,NA,NA
23027078255,ME,Waldo County,078255,2292,41,2100,23,16,15,1,7,89,1890,32,1750,19,10,14,1,6,58,NA,NA,NA,NA,NA,NA,NA,NA,NA,NA,NA,NA,NA,NA
23027079480,ME,Waldo County,079480,795,4,727,7,7,2,0,4,44,656,4,603,7,7,2,0,4,29,NA,NA,NA,NA,NA,NA,NA,NA,NA,NA,NA,NA,NA,NA
23027086760,ME,Waldo County,086760,3817,54,3544,17,11,17,5,11,158,3020,29,2827,8,10,17,5,7,117,NA,NA,NA,NA,NA,NA,NA,NA,NA,NA,NA,NA,NA,NA
23029000000,ME,Washington County,NA,31095,667,27587,156,1381,121,7,86,1090,25404,424,22970,125,969,114,7,67,728,NA,NA,NA,NA,NA,NA,NA,NA,NA,NA,NA,NA,NA,NA
23031000275,ME,York County,000275,2671,34,2524,6,1,15,5,4,82,2210,18,2103,2,1,15,4,3,64,NA,NA,NA,NA,NA,NA,NA,NA,NA,NA,NA,NA,NA,NA
23031000730,ME,York County,000730,3073,39,2838,42,11,18,1,9,115,2577,26,2394,36,10,18,0,8,85,NA,NA,NA,NA,NA,NA,NA,NA,NA,NA,NA,NA,NA,NA
23031001605,ME,York County,001605,4277,58,3993,11,20,28,0,14,153,3478,26,3279,7,16,22,0,14,114,NA,NA,NA,NA,NA,NA,NA,NA,NA,NA,NA,NA,NA,NA
23031004720,ME,York County,004720,7950,147,7276,47,13,121,2,25,319,6100,85,5655,41,7,100,2,23,187,NA,NA,NA,NA,NA,NA,NA,NA,NA,NA,NA,NA,NA,NA
23031004860,ME,York County,004860,22552,588,19886,581,105,451,7,86,848,18963,393,17074,376,86,363,7,72,592,NA,NA,NA,NA,NA,NA,NA,NA,NA,NA,NA,NA,NA,NA
23031009410,ME,York County,009410,8376,112,7750,58,25,91,0,18,322,6841,76,6389,48,16,79,0,13,220,NA,NA,NA,NA,NA,NA,NA,NA,NA,NA,NA,NA,NA,NA
23031014485,ME,York County,014485,1508,17,1428,4,4,5,0,5,45,1218,10,1154,4,4,5,0,5,36,NA,NA,NA,NA,NA,NA,NA,NA,NA,NA,NA,NA,NA,NA
23031016725,ME,York County,016725,2129,20,1988,6,10,10,0,2,93,1709,17,1609,2,10,10,0,2,59,NA,NA,NA,NA,NA,NA,NA,NA,NA,NA,NA,NA,NA,NA
23031022955,ME,York County,022955,6717,140,6159,43,9,52,0,33,281,5513,84,5144,36,9,46,0,26,168,NA,NA,NA,NA,NA,NA,NA,NA,NA,NA,NA,NA,NA,NA
23031033665,ME,York County,033665,4745,59,4416,17,17,11,1,25,199,3779,33,3562,10,11,9,1,17,136,NA,NA,NA,NA,NA,NA,NA,NA,NA,NA,NA,NA,NA,NA
23031036535,ME,York County,036535,11536,185,10749,53,17,167,1,40,324,9499,106,8982,28,16,132,1,33,201,NA,NA,NA,NA,NA,NA,NA,NA,NA,NA,NA,NA,NA,NA
23031036745,ME,York County,036745,3616,48,3432,6,4,15,1,16,94,3112,36,2990,2,4,10,0,10,60,NA,NA,NA,NA,NA,NA,NA,NA,NA,NA,NA,NA,NA,NA
23031037270,ME,York County,037270,10070,409,8891,139,13,121,22,46,429,8506,277,7674,112,10,93,13,37,290,NA,NA,NA,NA,NA,NA,NA,NA,NA,NA,NA,NA,NA,NA
23031038425,ME,York County,038425,6469,85,6024,21,24,37,0,29,249,5047,57,4732,14,19,33,0,17,175,NA,NA,NA,NA,NA,NA,NA,NA,NA,NA,NA,NA,NA,NA
23031039195,ME,York County,039195,3188,68,2911,16,17,6,0,5,165,2502,43,2321,6,17,6,0,0,109,NA,NA,NA,NA,NA,NA,NA,NA,NA,NA,NA,NA,NA,NA
23031039405,ME,York County,039405,3892,52,3593,9,14,8,4,14,198,3051,36,2842,9,12,8,4,12,128,NA,NA,NA,NA,NA,NA,NA,NA,NA,NA,NA,NA,NA,NA
23031041750,ME,York County,041750,4525,59,4206,21,15,36,0,10,178,3715,38,3500,13,10,33,0,10,111,NA,NA,NA,NA,NA,NA,NA,NA,NA,NA,NA,NA,NA,NA
23031048750,ME,York County,048750,1648,29,1530,10,2,5,0,6,66,1367,21,1278,10,2,3,0,5,48,NA,NA,NA,NA,NA,NA,NA,NA,NA,NA,NA,NA,NA,NA
23031050325,ME,York County,050325,4978,68,4601,23,9,49,1,25,202,3936,47,3680,21,7,34,1,14,132,NA,NA,NA,NA,NA,NA,NA,NA,NA,NA,NA,NA,NA,NA
23031054980,ME,York County,054980,1577,27,1484,14,2,8,0,10,32,1461,21,1382,13,2,8,0,9,26,NA,NA,NA,NA,NA,NA,NA,NA,NA,NA,NA,NA,NA,NA
23031055085,ME,York County,055085,8960,200,8218,66,27,128,5,34,282,8023,133,7493,57,20,109,5,31,175,NA,NA,NA,NA,NA,NA,NA,NA,NA,NA,NA,NA,NA,NA
23031056870,ME,York County,056870,1791,23,1677,5,9,9,1,3,64,1504,16,1416,5,9,9,0,3,46,NA,NA,NA,NA,NA,NA,NA,NA,NA,NA,NA,NA,NA,NA
23031067475,ME,York County,067475,2921,31,2742,12,6,12,0,7,111,2418,27,2276,7,6,5,0,4,93,NA,NA,NA,NA,NA,NA,NA,NA,NA,NA,NA,NA,NA,NA
23031070030,ME,York County,070030,7467,133,6871,32,14,58,1,24,334,5773,90,5395,26,13,43,1,9,196,NA,NA,NA,NA,NA,NA,NA,NA,NA,NA,NA,NA,NA,NA
23031080530,ME,York County,080530,7936,119,7400,26,23,40,1,29,298,6172,58,5822,15,23,37,1,21,195,NA,NA,NA,NA,NA,NA,NA,NA,NA,NA,NA,NA,NA,NA
23031081475,ME,York County,081475,11314,172,10601,77,18,109,1,24,312,9498,111,9018,61,8,73,1,16,210,NA,NA,NA,NA,NA,NA,NA,NA,NA,NA,NA,NA,NA,NA
23031087985,ME,York County,087985,13723,271,12813,60,10,133,0,34,402,11476,191,10814,47,8,106,0,29,281,NA,NA,NA,NA,NA,NA,NA,NA,NA,NA,NA,NA,NA,NA
23031646751,ME,York County,646751,2743,43,2530,38,5,39,2,2,84,2212,29,2070,28,5,29,2,1,48,NA,NA,NA,NA,NA,NA,NA,NA,NA,NA,NA,NA,NA,NA
23031646752,ME,York County,646752,2941,29,2728,14,1,38,0,8,123,2288,19,2152,5,0,33,0,7,72,NA,NA,NA,NA,NA,NA,NA,NA,NA,NA,NA,NA,NA,NA
23031646753,ME,York County,646753,3215,77,2857,36,11,90,0,16,128,2617,60,2344,30,11,70,0,14,88,NA,NA,NA,NA,NA,NA,NA,NA,NA,NA,NA,NA,NA,NA
23031646754,ME,York County,646754,2963,53,2800,12,0,14,0,7,77,2479,33,2362,12,0,9,0,4,59,NA,NA,NA,NA,NA,NA,NA,NA,NA,NA,NA,NA,NA,NA
23031646755,ME,York County,646755,2931,62,2604,64,8,59,0,9,125,2353,40,2140,42,8,41,0,5,77,NA,NA,NA,NA,NA,NA,NA,NA,NA,NA,NA,NA,NA,NA
23031646756,ME,York County,646756,2947,77,2582,76,12,75,0,4,121,2482,63,2208,54,12,59,0,3,83,NA,NA,NA,NA,NA,NA,NA,NA,NA,NA,NA,NA,NA,NA
23031646757,ME,York County,646757,2641,104,2245,86,6,53,0,7,140,2161,68,1879,63,4,42,0,7,98,NA,NA,NA,NA,NA,NA,NA,NA,NA,NA,NA,NA,NA,NA
23031657251,ME,York County,657251,6637,134,6054,67,21,89,0,11,261,5308,99,4897,53,17,80,0,10,152,NA,NA,NA,NA,NA,NA,NA,NA,NA,NA,NA,NA,NA,NA
23031657252,ME,York County,657252,8519,196,7515,133,40,155,2,28,450,6607,116,5932,93,36,133,2,18,277,NA,NA,NA,NA,NA,NA,NA,NA,NA,NA,NA,NA,NA,NA
23031657253,ME,York County,657253,6826,129,6128,78,23,147,0,12,309,5509,91,5003,57,14,127,0,8,209,NA,NA,NA,NA,NA,NA,NA,NA,NA,NA,NA,NA,NA,NA
